{
  "filename": "__main__",
  "probs": {
    "sast_risk": 0.3978637158870697,
    "ml_signal": 0.5001810193061829,
    "best_practice": 0.5911691188812256
  },
  "preds": {
    "sast_risk": true,
    "ml_signal": true,
    "best_practice": true
  },
  "threshold": 0.3
}
