{
  "filename": "algorithm",
  "probs": {
    "sast_risk": 0.40340474247932434,
    "ml_signal": 0.49527257680892944,
    "best_practice": 0.5919651985168457
  },
  "preds": {
    "sast_risk": true,
    "ml_signal": true,
    "best_practice": true
  },
  "threshold": 0.3
}
