{
  "filename": "alpha_158",
  "probs": {
    "sast_risk": 0.39267218112945557,
    "ml_signal": 0.49581119418144226,
    "best_practice": 0.5889362692832947
  },
  "preds": {
    "sast_risk": true,
    "ml_signal": true,
    "best_practice": true
  },
  "threshold": 0.3
}
