{
  "filename": "alpha_158",
  "probs": {
    "sast_risk": 0.5428830981254578,
    "ml_signal": 0.44427332282066345,
    "best_practice": 0.613150417804718
  },
  "preds": {
    "sast_risk": true,
    "ml_signal": false,
    "best_practice": true
  },
  "threshold": 0.5
}