{
  "filename": "alpha",
  "probs": {
    "sast_risk": 0.5451644062995911,
    "ml_signal": 0.4456687867641449,
    "best_practice": 0.6116499900817871
  },
  "preds": {
    "sast_risk": true,
    "ml_signal": false,
    "best_practice": true
  },
  "threshold": 0.5
}