{
  "filename": "ana",
  "probs": {
    "sast_risk": 0.40312185883522034,
    "ml_signal": 0.5011707544326782,
    "best_practice": 0.5928903818130493
  },
  "preds": {
    "sast_risk": true,
    "ml_signal": true,
    "best_practice": true
  },
  "threshold": 0.3
}
