{
  "filename": "api",
  "probs": {
    "sast_risk": 0.40368080139160156,
    "ml_signal": 0.49997037649154663,
    "best_practice": 0.5944538116455078
  },
  "preds": {
    "sast_risk": true,
    "ml_signal": true,
    "best_practice": true
  },
  "threshold": 0.3
}
