{
  "filename": "api",
  "probs": {
    "sast_risk": 0.5481632351875305,
    "ml_signal": 0.4540073871612549,
    "best_practice": 0.604876697063446
  },
  "preds": {
    "sast_risk": true,
    "ml_signal": false,
    "best_practice": true
  },
  "threshold": 0.5
}