{
  "filename": "aux_info",
  "probs": {
    "sast_risk": 0.39938586950302124,
    "ml_signal": 0.497174471616745,
    "best_practice": 0.5909662246704102
  },
  "preds": {
    "sast_risk": true,
    "ml_signal": true,
    "best_practice": true
  },
  "threshold": 0.3
}
