{
  "filename": "aux_info",
  "probs": {
    "sast_risk": 0.5452896952629089,
    "ml_signal": 0.44663360714912415,
    "best_practice": 0.6097517609596252
  },
  "preds": {
    "sast_risk": true,
    "ml_signal": false,
    "best_practice": true
  },
  "threshold": 0.5
}