{
  "filename": "axis",
  "probs": {
    "sast_risk": 0.5482923984527588,
    "ml_signal": 0.4478781819343567,
    "best_practice": 0.6129025816917419
  },
  "preds": {
    "sast_risk": true,
    "ml_signal": false,
    "best_practice": true
  },
  "threshold": 0.5
}