{
  "filename": "axis",
  "probs": {
    "sast_risk": 0.39524921774864197,
    "ml_signal": 0.4957437515258789,
    "best_practice": 0.5865967273712158
  },
  "preds": {
    "sast_risk": true,
    "ml_signal": true,
    "best_practice": true
  },
  "threshold": 0.3
}
