{
  "filename": "backtest",
  "probs": {
    "sast_risk": 0.4061969220638275,
    "ml_signal": 0.5000255703926086,
    "best_practice": 0.5911217927932739
  },
  "preds": {
    "sast_risk": true,
    "ml_signal": true,
    "best_practice": true
  },
  "threshold": 0.3
}
