{
  "filename": "backtesting",
  "probs": {
    "sast_risk": 0.40192365646362305,
    "ml_signal": 0.49783557653427124,
    "best_practice": 0.590206503868103
  },
  "preds": {
    "sast_risk": true,
    "ml_signal": true,
    "best_practice": true
  },
  "threshold": 0.3
}
