{
  "filename": "bar_test",
  "probs": {
    "sast_risk": 0.5455272793769836,
    "ml_signal": 0.4453275799751282,
    "best_practice": 0.6139694452285767
  },
  "preds": {
    "sast_risk": true,
    "ml_signal": false,
    "best_practice": true
  },
  "threshold": 0.5
}