{
  "filename": "base_service",
  "probs": {
    "sast_risk": 0.3961525559425354,
    "ml_signal": 0.49930691719055176,
    "best_practice": 0.5916603803634644
  },
  "preds": {
    "sast_risk": true,
    "ml_signal": true,
    "best_practice": true
  },
  "threshold": 0.3
}
