{
  "filename": "billboard",
  "probs": {
    "sast_risk": 0.4043726921081543,
    "ml_signal": 0.49212342500686646,
    "best_practice": 0.5899751782417297
  },
  "preds": {
    "sast_risk": true,
    "ml_signal": true,
    "best_practice": true
  },
  "threshold": 0.3
}
