{
  "filename": "billboard",
  "probs": {
    "sast_risk": 0.5462421178817749,
    "ml_signal": 0.44918355345726013,
    "best_practice": 0.6087371706962585
  },
  "preds": {
    "sast_risk": true,
    "ml_signal": false,
    "best_practice": true
  },
  "threshold": 0.5
}