{
  "filename": "boll_factor",
  "probs": {
    "sast_risk": 0.5516793727874756,
    "ml_signal": 0.44760745763778687,
    "best_practice": 0.6125591397285461
  },
  "preds": {
    "sast_risk": true,
    "ml_signal": false,
    "best_practice": true
  },
  "threshold": 0.5
}