{
  "filename": "bonds",
  "probs": {
    "sast_risk": 0.3988732397556305,
    "ml_signal": 0.49010562896728516,
    "best_practice": 0.5839335918426514
  },
  "preds": {
    "sast_risk": true,
    "ml_signal": true,
    "best_practice": true
  },
  "threshold": 0.3
}
