{
  "filename": "cache",
  "probs": {
    "sast_risk": 0.5428725481033325,
    "ml_signal": 0.4521695673465729,
    "best_practice": 0.6068359017372131
  },
  "preds": {
    "sast_risk": true,
    "ml_signal": false,
    "best_practice": true
  },
  "threshold": 0.5
}