{
  "filename": "cache",
  "probs": {
    "sast_risk": 0.40235772728919983,
    "ml_signal": 0.49917885661125183,
    "best_practice": 0.5917145609855652
  },
  "preds": {
    "sast_risk": true,
    "ml_signal": true,
    "best_practice": true
  },
  "threshold": 0.3
}
