{
  "filename": "catboost_model",
  "probs": {
    "sast_risk": 0.39457467198371887,
    "ml_signal": 0.49686896800994873,
    "best_practice": 0.5887667536735535
  },
  "preds": {
    "sast_risk": true,
    "ml_signal": true,
    "best_practice": true
  },
  "threshold": 0.3
}
