{
  "filename": "classifying",
  "probs": {
    "sast_risk": 0.5456727743148804,
    "ml_signal": 0.45075470209121704,
    "best_practice": 0.6103496551513672
  },
  "preds": {
    "sast_risk": true,
    "ml_signal": false,
    "best_practice": true
  },
  "threshold": 0.5
}