{
  "filename": "cli",
  "probs": {
    "sast_risk": 0.3962772786617279,
    "ml_signal": 0.501370906829834,
    "best_practice": 0.5908524990081787
  },
  "preds": {
    "sast_risk": true,
    "ml_signal": true,
    "best_practice": true
  },
  "threshold": 0.3
}
