{
  "filename": "cli",
  "probs": {
    "sast_risk": 0.539143979549408,
    "ml_signal": 0.4443213641643524,
    "best_practice": 0.6076849102973938
  },
  "preds": {
    "sast_risk": true,
    "ml_signal": false,
    "best_practice": true
  },
  "threshold": 0.5
}