{
  "filename": "client",
  "probs": {
    "sast_risk": 0.5481876730918884,
    "ml_signal": 0.44757819175720215,
    "best_practice": 0.6106887459754944
  },
  "preds": {
    "sast_risk": true,
    "ml_signal": false,
    "best_practice": true
  },
  "threshold": 0.5
}