{
  "filename": "collect_info",
  "probs": {
    "sast_risk": 0.39124220609664917,
    "ml_signal": 0.49796339869499207,
    "best_practice": 0.5886868238449097
  },
  "preds": {
    "sast_risk": true,
    "ml_signal": true,
    "best_practice": true
  },
  "threshold": 0.3
}
