{
  "filename": "common",
  "probs": {
    "sast_risk": 0.5420665740966797,
    "ml_signal": 0.4548604488372803,
    "best_practice": 0.6035805940628052
  },
  "preds": {
    "sast_risk": true,
    "ml_signal": false,
    "best_practice": true
  },
  "threshold": 0.5
}