{
  "filename": "common",
  "probs": {
    "sast_risk": 0.3955693542957306,
    "ml_signal": 0.4846195876598358,
    "best_practice": 0.5922951698303223
  },
  "preds": {
    "sast_risk": true,
    "ml_signal": true,
    "best_practice": true
  },
  "threshold": 0.3
}
