{
  "filename": "config",
  "probs": {
    "sast_risk": 0.5368070602416992,
    "ml_signal": 0.45099392533302307,
    "best_practice": 0.6035438179969788
  },
  "preds": {
    "sast_risk": true,
    "ml_signal": false,
    "best_practice": true
  },
  "threshold": 0.5
}