{
  "filename": "configs",
  "probs": {
    "sast_risk": 0.40310218930244446,
    "ml_signal": 0.49352219700813293,
    "best_practice": 0.5930692553520203
  },
  "preds": {
    "sast_risk": true,
    "ml_signal": true,
    "best_practice": true
  },
  "threshold": 0.3
}
