{
  "filename": "conftest",
  "probs": {
    "sast_risk": 0.5366140604019165,
    "ml_signal": 0.4478803277015686,
    "best_practice": 0.6120634078979492
  },
  "preds": {
    "sast_risk": true,
    "ml_signal": false,
    "best_practice": true
  },
  "threshold": 0.5
}