{
  "filename": "conns",
  "probs": {
    "sast_risk": 0.5486086010932922,
    "ml_signal": 0.4497818648815155,
    "best_practice": 0.612023115158081
  },
  "preds": {
    "sast_risk": true,
    "ml_signal": false,
    "best_practice": true
  },
  "threshold": 0.5
}