{
  "filename": "consts",
  "probs": {
    "sast_risk": 0.41059303283691406,
    "ml_signal": 0.4966866374015808,
    "best_practice": 0.5942155718803406
  },
  "preds": {
    "sast_risk": true,
    "ml_signal": true,
    "best_practice": true
  },
  "threshold": 0.3
}
