{
  "filename": "cons",
  "probs": {
    "sast_risk": 0.4063163697719574,
    "ml_signal": 0.49766403436660767,
    "best_practice": 0.5861022472381592
  },
  "preds": {
    "sast_risk": true,
    "ml_signal": true,
    "best_practice": true
  },
  "threshold": 0.3
}
