{
  "filename": "constant",
  "probs": {
    "sast_risk": 0.4005751609802246,
    "ml_signal": 0.5040218234062195,
    "best_practice": 0.5935569405555725
  },
  "preds": {
    "sast_risk": true,
    "ml_signal": true,
    "best_practice": true
  },
  "threshold": 0.3
}
