{
  "filename": "context",
  "probs": {
    "sast_risk": 0.3976346254348755,
    "ml_signal": 0.48749709129333496,
    "best_practice": 0.5894083976745605
  },
  "preds": {
    "sast_risk": true,
    "ml_signal": true,
    "best_practice": true
  },
  "threshold": 0.3
}
