{
  "filename": "cost_control",
  "probs": {
    "sast_risk": 0.3969893753528595,
    "ml_signal": 0.49834415316581726,
    "best_practice": 0.5866847634315491
  },
  "preds": {
    "sast_risk": true,
    "ml_signal": true,
    "best_practice": true
  },
  "threshold": 0.3
}
