{
  "filename": "datafeed",
  "probs": {
    "sast_risk": 0.5480004549026489,
    "ml_signal": 0.45091596245765686,
    "best_practice": 0.6140583157539368
  },
  "preds": {
    "sast_risk": true,
    "ml_signal": false,
    "best_practice": true
  },
  "threshold": 0.5
}