{
  "filename": "data_queue",
  "probs": {
    "sast_risk": 0.5435017943382263,
    "ml_signal": 0.44802984595298767,
    "best_practice": 0.6098598837852478
  },
  "preds": {
    "sast_risk": true,
    "ml_signal": false,
    "best_practice": true
  },
  "threshold": 0.5
}