{
  "filename": "database",
  "probs": {
    "sast_risk": 0.3953511416912079,
    "ml_signal": 0.5006198287010193,
    "best_practice": 0.5931980609893799
  },
  "preds": {
    "sast_risk": true,
    "ml_signal": true,
    "best_practice": true
  },
  "threshold": 0.3
}
