{
  "filename": "data_type",
  "probs": {
    "sast_risk": 0.5472829937934875,
    "ml_signal": 0.44318825006484985,
    "best_practice": 0.6158314347267151
  },
  "preds": {
    "sast_risk": true,
    "ml_signal": false,
    "best_practice": true
  },
  "threshold": 0.5
}