{
  "filename": "data_pro",
  "probs": {
    "sast_risk": 0.3989512622356415,
    "ml_signal": 0.49696263670921326,
    "best_practice": 0.5870254039764404
  },
  "preds": {
    "sast_risk": true,
    "ml_signal": true,
    "best_practice": true
  },
  "threshold": 0.3
}
