{
  "filename": "dataset",
  "probs": {
    "sast_risk": 0.39874306321144104,
    "ml_signal": 0.4959651529788971,
    "best_practice": 0.5880875587463379
  },
  "preds": {
    "sast_risk": true,
    "ml_signal": true,
    "best_practice": true
  },
  "threshold": 0.3
}
