{
  "filename": "data",
  "probs": {
    "sast_risk": 0.398652583360672,
    "ml_signal": 0.4990933835506439,
    "best_practice": 0.5944008231163025
  },
  "preds": {
    "sast_risk": true,
    "ml_signal": true,
    "best_practice": true
  },
  "threshold": 0.3
}
