{
  "filename": "dateu",
  "probs": {
    "sast_risk": 0.39657288789749146,
    "ml_signal": 0.499846875667572,
    "best_practice": 0.5908583402633667
  },
  "preds": {
    "sast_risk": true,
    "ml_signal": true,
    "best_practice": true
  },
  "threshold": 0.3
}
