{
  "filename": "ddgda",
  "probs": {
    "sast_risk": 0.4059213399887085,
    "ml_signal": 0.4997178614139557,
    "best_practice": 0.5937408208847046
  },
  "preds": {
    "sast_risk": true,
    "ml_signal": true,
    "best_practice": true
  },
  "threshold": 0.3
}
