{
  "filename": "decision",
  "probs": {
    "sast_risk": 0.40195176005363464,
    "ml_signal": 0.4978424906730652,
    "best_practice": 0.596142590045929
  },
  "preds": {
    "sast_risk": true,
    "ml_signal": true,
    "best_practice": true
  },
  "threshold": 0.3
}
