{
  "filename": "decision",
  "probs": {
    "sast_risk": 0.5421144366264343,
    "ml_signal": 0.44836387038230896,
    "best_practice": 0.607890784740448
  },
  "preds": {
    "sast_risk": true,
    "ml_signal": false,
    "best_practice": true
  },
  "threshold": 0.5
}