{
  "filename": "decorator",
  "probs": {
    "sast_risk": 0.39522239565849304,
    "ml_signal": 0.49242091178894043,
    "best_practice": 0.5915718674659729
  },
  "preds": {
    "sast_risk": true,
    "ml_signal": true,
    "best_practice": true
  },
  "threshold": 0.3
}
