{
  "filename": "demo_script",
  "probs": {
    "sast_risk": 0.5429062247276306,
    "ml_signal": 0.45273420214653015,
    "best_practice": 0.6066591739654541
  },
  "preds": {
    "sast_risk": true,
    "ml_signal": false,
    "best_practice": true
  },
  "threshold": 0.5
}