{
  "filename": "domestic",
  "probs": {
    "sast_risk": 0.39832666516304016,
    "ml_signal": 0.4938734173774719,
    "best_practice": 0.5906593799591064
  },
  "preds": {
    "sast_risk": true,
    "ml_signal": true,
    "best_practice": true
  },
  "threshold": 0.3
}
