{
  "filename": "drawer",
  "probs": {
    "sast_risk": 0.3988475501537323,
    "ml_signal": 0.49797406792640686,
    "best_practice": 0.5954911112785339
  },
  "preds": {
    "sast_risk": true,
    "ml_signal": true,
    "best_practice": true
  },
  "threshold": 0.3
}
