{
  "filename": "drawer",
  "probs": {
    "sast_risk": 0.5476729273796082,
    "ml_signal": 0.4529067277908325,
    "best_practice": 0.6082219481468201
  },
  "preds": {
    "sast_risk": true,
    "ml_signal": false,
    "best_practice": true
  },
  "threshold": 0.5
}