{
  "filename": "emotion",
  "probs": {
    "sast_risk": 0.4046598970890045,
    "ml_signal": 0.49473506212234497,
    "best_practice": 0.5889958143234253
  },
  "preds": {
    "sast_risk": true,
    "ml_signal": true,
    "best_practice": true
  },
  "threshold": 0.3
}
