{
  "filename": "emotion",
  "probs": {
    "sast_risk": 0.5454805493354797,
    "ml_signal": 0.45323723554611206,
    "best_practice": 0.6065228581428528
  },
  "preds": {
    "sast_risk": true,
    "ml_signal": false,
    "best_practice": true
  },
  "threshold": 0.5
}