{
  "filename": "engine",
  "probs": {
    "sast_risk": 0.4005078375339508,
    "ml_signal": 0.49817338585853577,
    "best_practice": 0.5887454748153687
  },
  "preds": {
    "sast_risk": true,
    "ml_signal": true,
    "best_practice": true
  },
  "threshold": 0.3
}
