{
  "filename": "ensemble",
  "probs": {
    "sast_risk": 0.5449870228767395,
    "ml_signal": 0.4500652551651001,
    "best_practice": 0.6118351221084595
  },
  "preds": {
    "sast_risk": true,
    "ml_signal": false,
    "best_practice": true
  },
  "threshold": 0.5
}