{
  "filename": "env_wrapper",
  "probs": {
    "sast_risk": 0.40926045179367065,
    "ml_signal": 0.49558672308921814,
    "best_practice": 0.5970644950866699
  },
  "preds": {
    "sast_risk": true,
    "ml_signal": true,
    "best_practice": true
  },
  "threshold": 0.3
}
