{
  "filename": "errors",
  "probs": {
    "sast_risk": 0.39440521597862244,
    "ml_signal": 0.5037145018577576,
    "best_practice": 0.5939368009567261
  },
  "preds": {
    "sast_risk": true,
    "ml_signal": true,
    "best_practice": true
  },
  "threshold": 0.3
}
