{
  "filename": "errors",
  "probs": {
    "sast_risk": 0.5418593883514404,
    "ml_signal": 0.45194754004478455,
    "best_practice": 0.6101060509681702
  },
  "preds": {
    "sast_risk": true,
    "ml_signal": false,
    "best_practice": true
  },
  "threshold": 0.5
}