{
  "filename": "etf_meta",
  "probs": {
    "sast_risk": 0.540561318397522,
    "ml_signal": 0.45458105206489563,
    "best_practice": 0.6028570532798767
  },
  "preds": {
    "sast_risk": true,
    "ml_signal": false,
    "best_practice": true
  },
  "threshold": 0.5
}