{
  "filename": "etf_meta",
  "probs": {
    "sast_risk": 0.40672677755355835,
    "ml_signal": 0.5021077394485474,
    "best_practice": 0.5904701948165894
  },
  "preds": {
    "sast_risk": true,
    "ml_signal": true,
    "best_practice": true
  },
  "threshold": 0.3
}
