{
  "filename": "evaluate",
  "probs": {
    "sast_risk": 0.547001838684082,
    "ml_signal": 0.45234668254852295,
    "best_practice": 0.6090452671051025
  },
  "preds": {
    "sast_risk": true,
    "ml_signal": false,
    "best_practice": true
  },
  "threshold": 0.5
}