{
  "filename": "event",
  "probs": {
    "sast_risk": 0.5366026163101196,
    "ml_signal": 0.4469122290611267,
    "best_practice": 0.5967056155204773
  },
  "preds": {
    "sast_risk": true,
    "ml_signal": false,
    "best_practice": true
  },
  "threshold": 0.5
}