{
  "filename": "example",
  "probs": {
    "sast_risk": 0.5464247465133667,
    "ml_signal": 0.44184067845344543,
    "best_practice": 0.6118614077568054
  },
  "preds": {
    "sast_risk": true,
    "ml_signal": false,
    "best_practice": true
  },
  "threshold": 0.5
}