{
  "filename": "exchange",
  "probs": {
    "sast_risk": 0.40184545516967773,
    "ml_signal": 0.4985228478908539,
    "best_practice": 0.5929473638534546
  },
  "preds": {
    "sast_risk": true,
    "ml_signal": true,
    "best_practice": true
  },
  "threshold": 0.3
}
