{
  "filename": "executor",
  "probs": {
    "sast_risk": 0.4016292691230774,
    "ml_signal": 0.4970473349094391,
    "best_practice": 0.5950910449028015
  },
  "preds": {
    "sast_risk": true,
    "ml_signal": true,
    "best_practice": true
  },
  "threshold": 0.3
}
