{
  "filename": "executor",
  "probs": {
    "sast_risk": 0.5431685447692871,
    "ml_signal": 0.45210444927215576,
    "best_practice": 0.6074092984199524
  },
  "preds": {
    "sast_risk": true,
    "ml_signal": false,
    "best_practice": true
  },
  "threshold": 0.5
}