{
  "filename": "exp",
  "probs": {
    "sast_risk": 0.5471976399421692,
    "ml_signal": 0.4472205936908722,
    "best_practice": 0.610602617263794
  },
  "preds": {
    "sast_risk": true,
    "ml_signal": false,
    "best_practice": true
  },
  "threshold": 0.5
}