{
  "filename": "exp",
  "probs": {
    "sast_risk": 0.4010385274887085,
    "ml_signal": 0.502143144607544,
    "best_practice": 0.5933901071548462
  },
  "preds": {
    "sast_risk": true,
    "ml_signal": true,
    "best_practice": true
  },
  "threshold": 0.3
}
