{
  "filename": "expm",
  "probs": {
    "sast_risk": 0.5436767935752869,
    "ml_signal": 0.4533654451370239,
    "best_practice": 0.6055694222450256
  },
  "preds": {
    "sast_risk": true,
    "ml_signal": false,
    "best_practice": true
  },
  "threshold": 0.5
}