{
  "filename": "expm",
  "probs": {
    "sast_risk": 0.40626394748687744,
    "ml_signal": 0.4995501637458801,
    "best_practice": 0.590953528881073
  },
  "preds": {
    "sast_risk": true,
    "ml_signal": true,
    "best_practice": true
  },
  "threshold": 0.3
}
