{
  "filename": "factor",
  "probs": {
    "sast_risk": 0.4005439877510071,
    "ml_signal": 0.49639299511909485,
    "best_practice": 0.5923885703086853
  },
  "preds": {
    "sast_risk": true,
    "ml_signal": true,
    "best_practice": true
  },
  "threshold": 0.3
}
