{
  "filename": "feature",
  "probs": {
    "sast_risk": 0.5420527458190918,
    "ml_signal": 0.4520505368709564,
    "best_practice": 0.6054480671882629
  },
  "preds": {
    "sast_risk": true,
    "ml_signal": false,
    "best_practice": true
  },
  "threshold": 0.5
}