{
  "filename": "file",
  "probs": {
    "sast_risk": 0.3994758725166321,
    "ml_signal": 0.4996565580368042,
    "best_practice": 0.5927134156227112
  },
  "preds": {
    "sast_risk": true,
    "ml_signal": true,
    "best_practice": true
  },
  "threshold": 0.3
}
