{
  "filename": "file_storage",
  "probs": {
    "sast_risk": 0.40108463168144226,
    "ml_signal": 0.49990537762641907,
    "best_practice": 0.5917651057243347
  },
  "preds": {
    "sast_risk": true,
    "ml_signal": true,
    "best_practice": true
  },
  "threshold": 0.3
}
