{
  "filename": "file",
  "probs": {
    "sast_risk": 0.5441136956214905,
    "ml_signal": 0.44864529371261597,
    "best_practice": 0.6092314720153809
  },
  "preds": {
    "sast_risk": true,
    "ml_signal": false,
    "best_practice": true
  },
  "threshold": 0.5
}