{
  "filename": "filter",
  "probs": {
    "sast_risk": 0.5451374650001526,
    "ml_signal": 0.4460219740867615,
    "best_practice": 0.6149685978889465
  },
  "preds": {
    "sast_risk": true,
    "ml_signal": false,
    "best_practice": true
  },
  "threshold": 0.5
}