{
  "filename": "finance",
  "probs": {
    "sast_risk": 0.5432440638542175,
    "ml_signal": 0.44583946466445923,
    "best_practice": 0.608048141002655
  },
  "preds": {
    "sast_risk": true,
    "ml_signal": false,
    "best_practice": true
  },
  "threshold": 0.5
}