{
  "filename": "finta",
  "probs": {
    "sast_risk": 0.3882557153701782,
    "ml_signal": 0.4969867765903473,
    "best_practice": 0.5841265916824341
  },
  "preds": {
    "sast_risk": true,
    "ml_signal": true,
    "best_practice": true
  },
  "threshold": 0.3
}
