{
  "filename": "formula",
  "probs": {
    "sast_risk": 0.5468039512634277,
    "ml_signal": 0.45587971806526184,
    "best_practice": 0.6053248047828674
  },
  "preds": {
    "sast_risk": true,
    "ml_signal": false,
    "best_practice": true
  },
  "threshold": 0.5
}