{
  "filename": "formula",
  "probs": {
    "sast_risk": 0.40095803141593933,
    "ml_signal": 0.4996482729911804,
    "best_practice": 0.598753035068512
  },
  "preds": {
    "sast_risk": true,
    "ml_signal": true,
    "best_practice": true
  },
  "threshold": 0.3
}
