{
  "filename": "fund_meta",
  "probs": {
    "sast_risk": 0.40420544147491455,
    "ml_signal": 0.495655357837677,
    "best_practice": 0.5908883810043335
  },
  "preds": {
    "sast_risk": true,
    "ml_signal": true,
    "best_practice": true
  },
  "threshold": 0.3
}
