{
  "filename": "future_1d_kdata",
  "probs": {
    "sast_risk": 0.5490837097167969,
    "ml_signal": 0.45620349049568176,
    "best_practice": 0.6129867434501648
  },
  "preds": {
    "sast_risk": true,
    "ml_signal": false,
    "best_practice": true
  },
  "threshold": 0.5
}