{
  "filename": "future_1d_kdata",
  "probs": {
    "sast_risk": 0.4064384400844574,
    "ml_signal": 0.49188753962516785,
    "best_practice": 0.5922091603279114
  },
  "preds": {
    "sast_risk": true,
    "ml_signal": true,
    "best_practice": true
  },
  "threshold": 0.3
}
