{
  "filename": "gateway",
  "probs": {
    "sast_risk": 0.5429955124855042,
    "ml_signal": 0.4504883885383606,
    "best_practice": 0.6059654951095581
  },
  "preds": {
    "sast_risk": true,
    "ml_signal": false,
    "best_practice": true
  },
  "threshold": 0.5
}