{
  "filename": "gbdt",
  "probs": {
    "sast_risk": 0.39736562967300415,
    "ml_signal": 0.4970698356628418,
    "best_practice": 0.5888055562973022
  },
  "preds": {
    "sast_risk": true,
    "ml_signal": true,
    "best_practice": true
  },
  "threshold": 0.3
}
