{
  "filename": "gen",
  "probs": {
    "sast_risk": 0.3963703513145447,
    "ml_signal": 0.4997779428958893,
    "best_practice": 0.586968719959259
  },
  "preds": {
    "sast_risk": true,
    "ml_signal": true,
    "best_practice": true
  },
  "threshold": 0.3
}
