{
  "filename": "generator",
  "probs": {
    "sast_risk": 0.39862367510795593,
    "ml_signal": 0.5019357204437256,
    "best_practice": 0.5916507840156555
  },
  "preds": {
    "sast_risk": true,
    "ml_signal": true,
    "best_practice": true
  },
  "threshold": 0.3
}
