{
  "filename": "generator",
  "probs": {
    "sast_risk": 0.5448946952819824,
    "ml_signal": 0.44844335317611694,
    "best_practice": 0.6130008697509766
  },
  "preds": {
    "sast_risk": true,
    "ml_signal": false,
    "best_practice": true
  },
  "threshold": 0.5
}