{
  "filename": "get_data",
  "probs": {
    "sast_risk": 0.3948124349117279,
    "ml_signal": 0.49028536677360535,
    "best_practice": 0.5897699594497681
  },
  "preds": {
    "sast_risk": true,
    "ml_signal": true,
    "best_practice": true
  },
  "threshold": 0.3
}
