{
  "filename": "get_data",
  "probs": {
    "sast_risk": 0.5369309782981873,
    "ml_signal": 0.44485917687416077,
    "best_practice": 0.6174787878990173
  },
  "preds": {
    "sast_risk": true,
    "ml_signal": false,
    "best_practice": true
  },
  "threshold": 0.5
}