{
  "filename": "globals",
  "probs": {
    "sast_risk": 0.5509408116340637,
    "ml_signal": 0.45055899024009705,
    "best_practice": 0.610848605632782
  },
  "preds": {
    "sast_risk": true,
    "ml_signal": false,
    "best_practice": true
  },
  "threshold": 0.5
}