{
  "filename": "graph",
  "probs": {
    "sast_risk": 0.5477242469787598,
    "ml_signal": 0.44531863927841187,
    "best_practice": 0.6101058721542358
  },
  "preds": {
    "sast_risk": true,
    "ml_signal": false,
    "best_practice": true
  },
  "threshold": 0.5
}