{
  "filename": "group",
  "probs": {
    "sast_risk": 0.5499144792556763,
    "ml_signal": 0.4578658640384674,
    "best_practice": 0.6104697585105896
  },
  "preds": {
    "sast_risk": true,
    "ml_signal": false,
    "best_practice": true
  },
  "threshold": 0.5
}