{
  "filename": "holder",
  "probs": {
    "sast_risk": 0.5424261093139648,
    "ml_signal": 0.45485180616378784,
    "best_practice": 0.6049829721450806
  },
  "preds": {
    "sast_risk": true,
    "ml_signal": false,
    "best_practice": true
  },
  "threshold": 0.5
}