{
  "filename": "holder",
  "probs": {
    "sast_risk": 0.4045693576335907,
    "ml_signal": 0.4930756986141205,
    "best_practice": 0.5899457335472107
  },
  "preds": {
    "sast_risk": true,
    "ml_signal": true,
    "best_practice": true
  },
  "threshold": 0.3
}
