{
  "filename": "hyperparameter_360",
  "probs": {
    "sast_risk": 0.5412700772285461,
    "ml_signal": 0.4486376643180847,
    "best_practice": 0.6077152490615845
  },
  "preds": {
    "sast_risk": true,
    "ml_signal": false,
    "best_practice": true
  },
  "threshold": 0.5
}