{
  "filename": "hyperparameter_158",
  "probs": {
    "sast_risk": 0.391263872385025,
    "ml_signal": 0.49810630083084106,
    "best_practice": 0.5894606709480286
  },
  "preds": {
    "sast_risk": true,
    "ml_signal": true,
    "best_practice": true
  },
  "threshold": 0.3
}
