{
  "filename": "index_meta",
  "probs": {
    "sast_risk": 0.40223467350006104,
    "ml_signal": 0.49992048740386963,
    "best_practice": 0.5908810496330261
  },
  "preds": {
    "sast_risk": true,
    "ml_signal": true,
    "best_practice": true
  },
  "threshold": 0.3
}
