{
  "filename": "indexes",
  "probs": {
    "sast_risk": 0.5492511987686157,
    "ml_signal": 0.44622477889060974,
    "best_practice": 0.6110533475875854
  },
  "preds": {
    "sast_risk": true,
    "ml_signal": false,
    "best_practice": true
  },
  "threshold": 0.5
}