{
  "filename": "index",
  "probs": {
    "sast_risk": 0.545196533203125,
    "ml_signal": 0.4509163498878479,
    "best_practice": 0.6049306988716125
  },
  "preds": {
    "sast_risk": true,
    "ml_signal": false,
    "best_practice": true
  },
  "threshold": 0.5
}