{
  "filename": "index_1d_zen_factor",
  "probs": {
    "sast_risk": 0.40525302290916443,
    "ml_signal": 0.49282750487327576,
    "best_practice": 0.5870643854141235
  },
  "preds": {
    "sast_risk": true,
    "ml_signal": true,
    "best_practice": true
  },
  "threshold": 0.3
}
