{
  "filename": "index_1d_kdata",
  "probs": {
    "sast_risk": 0.40486064553260803,
    "ml_signal": 0.49288493394851685,
    "best_practice": 0.5928544998168945
  },
  "preds": {
    "sast_risk": true,
    "ml_signal": true,
    "best_practice": true
  },
  "threshold": 0.3
}
