{
  "filename": "indexus_meta",
  "probs": {
    "sast_risk": 0.4020483195781708,
    "ml_signal": 0.49821537733078003,
    "best_practice": 0.5874978303909302
  },
  "preds": {
    "sast_risk": true,
    "ml_signal": true,
    "best_practice": true
  },
  "threshold": 0.3
}
