{
  "filename": "index_data",
  "probs": {
    "sast_risk": 0.5447177886962891,
    "ml_signal": 0.45197728276252747,
    "best_practice": 0.6092666983604431
  },
  "preds": {
    "sast_risk": true,
    "ml_signal": false,
    "best_practice": true
  },
  "threshold": 0.5
}