{
  "filename": "indexus_1d_kdata",
  "probs": {
    "sast_risk": 0.40478450059890747,
    "ml_signal": 0.4903503656387329,
    "best_practice": 0.5894367694854736
  },
  "preds": {
    "sast_risk": true,
    "ml_signal": true,
    "best_practice": true
  },
  "threshold": 0.3
}
