{
  "filename": "index_runner",
  "probs": {
    "sast_risk": 0.40542295575141907,
    "ml_signal": 0.5010898113250732,
    "best_practice": 0.5885272026062012
  },
  "preds": {
    "sast_risk": true,
    "ml_signal": true,
    "best_practice": true
  },
  "threshold": 0.3
}
