{
  "filename": "indictor",
  "probs": {
    "sast_risk": 0.5460090637207031,
    "ml_signal": 0.45121681690216064,
    "best_practice": 0.6101494431495667
  },
  "preds": {
    "sast_risk": true,
    "ml_signal": false,
    "best_practice": true
  },
  "threshold": 0.5
}