{
  "filename": "informer",
  "probs": {
    "sast_risk": 0.3951106071472168,
    "ml_signal": 0.5030059218406677,
    "best_practice": 0.5907586812973022
  },
  "preds": {
    "sast_risk": true,
    "ml_signal": true,
    "best_practice": true
  },
  "threshold": 0.3
}
