{
  "filename": "intent",
  "probs": {
    "sast_risk": 0.40131980180740356,
    "ml_signal": 0.49684566259384155,
    "best_practice": 0.589735746383667
  },
  "preds": {
    "sast_risk": true,
    "ml_signal": true,
    "best_practice": true
  },
  "threshold": 0.3
}
