{
  "filename": "item",
  "probs": {
    "sast_risk": 0.4004564881324768,
    "ml_signal": 0.49340400099754333,
    "best_practice": 0.5879155397415161
  },
  "preds": {
    "sast_risk": true,
    "ml_signal": true,
    "best_practice": true
  },
  "threshold": 0.3
}
