{
  "filename": "jqka_api",
  "probs": {
    "sast_risk": 0.5459932684898376,
    "ml_signal": 0.45693567395210266,
    "best_practice": 0.6059044599533081
  },
  "preds": {
    "sast_risk": true,
    "ml_signal": false,
    "best_practice": true
  },
  "threshold": 0.5
}