{
  "filename": "kdata",
  "probs": {
    "sast_risk": 0.3988361060619354,
    "ml_signal": 0.49855858087539673,
    "best_practice": 0.5903996229171753
  },
  "preds": {
    "sast_risk": true,
    "ml_signal": true,
    "best_practice": true
  },
  "threshold": 0.3
}
