{
  "filename": "lab",
  "probs": {
    "sast_risk": 0.5412785410881042,
    "ml_signal": 0.44464120268821716,
    "best_practice": 0.6120098233222961
  },
  "preds": {
    "sast_risk": true,
    "ml_signal": false,
    "best_practice": true
  },
  "threshold": 0.5
}