{
  "filename": "lables",
  "probs": {
    "sast_risk": 0.5475650429725647,
    "ml_signal": 0.44624659419059753,
    "best_practice": 0.6100832223892212
  },
  "preds": {
    "sast_risk": true,
    "ml_signal": false,
    "best_practice": true
  },
  "threshold": 0.5
}