{
  "filename": "lables",
  "probs": {
    "sast_risk": 0.39192289113998413,
    "ml_signal": 0.4930803179740906,
    "best_practice": 0.5902164578437805
  },
  "preds": {
    "sast_risk": true,
    "ml_signal": true,
    "best_practice": true
  },
  "threshold": 0.3
}
