{
  "filename": "lasso_model",
  "probs": {
    "sast_risk": 0.5434686541557312,
    "ml_signal": 0.44514358043670654,
    "best_practice": 0.6106090545654297
  },
  "preds": {
    "sast_risk": true,
    "ml_signal": false,
    "best_practice": true
  },
  "threshold": 0.5
}