{
  "filename": "launcher",
  "probs": {
    "sast_risk": 0.5441259145736694,
    "ml_signal": 0.4489051103591919,
    "best_practice": 0.6061585545539856
  },
  "preds": {
    "sast_risk": true,
    "ml_signal": false,
    "best_practice": true
  },
  "threshold": 0.5
}