{
  "filename": "lgb_model",
  "probs": {
    "sast_risk": 0.3968559503555298,
    "ml_signal": 0.4991055130958557,
    "best_practice": 0.5881145000457764
  },
  "preds": {
    "sast_risk": true,
    "ml_signal": true,
    "best_practice": true
  },
  "threshold": 0.3
}
