{
  "filename": "linear",
  "probs": {
    "sast_risk": 0.5410895943641663,
    "ml_signal": 0.45215338468551636,
    "best_practice": 0.6120607256889343
  },
  "preds": {
    "sast_risk": true,
    "ml_signal": false,
    "best_practice": true
  },
  "threshold": 0.5
}