{
  "filename": "linear",
  "probs": {
    "sast_risk": 0.3980260193347931,
    "ml_signal": 0.4984291195869446,
    "best_practice": 0.5872863531112671
  },
  "preds": {
    "sast_risk": true,
    "ml_signal": true,
    "best_practice": true
  },
  "threshold": 0.3
}
