{
  "filename": "loader",
  "probs": {
    "sast_risk": 0.39298707246780396,
    "ml_signal": 0.497383177280426,
    "best_practice": 0.5864899754524231
  },
  "preds": {
    "sast_risk": true,
    "ml_signal": true,
    "best_practice": true
  },
  "threshold": 0.3
}
