{
  "filename": "log",
  "probs": {
    "sast_risk": 0.41432297229766846,
    "ml_signal": 0.4974905550479889,
    "best_practice": 0.596238374710083
  },
  "preds": {
    "sast_risk": true,
    "ml_signal": true,
    "best_practice": true
  },
  "threshold": 0.3
}
