{
  "filename": "log",
  "probs": {
    "sast_risk": 0.5459310412406921,
    "ml_signal": 0.45302632451057434,
    "best_practice": 0.5993363857269287
  },
  "preds": {
    "sast_risk": true,
    "ml_signal": false,
    "best_practice": true
  },
  "threshold": 0.5
}