{
  "filename": "logger",
  "probs": {
    "sast_risk": 0.5427076816558838,
    "ml_signal": 0.45475873351097107,
    "best_practice": 0.6030631065368652
  },
  "preds": {
    "sast_risk": true,
    "ml_signal": false,
    "best_practice": true
  },
  "threshold": 0.5
}