{
  "filename": "logger",
  "probs": {
    "sast_risk": 0.3999347686767578,
    "ml_signal": 0.49802520871162415,
    "best_practice": 0.5909655094146729
  },
  "preds": {
    "sast_risk": true,
    "ml_signal": true,
    "best_practice": true
  },
  "threshold": 0.3
}
