{
  "filename": "ma_factor",
  "probs": {
    "sast_risk": 0.40131518244743347,
    "ml_signal": 0.4964052736759186,
    "best_practice": 0.5914708971977234
  },
  "preds": {
    "sast_risk": true,
    "ml_signal": true,
    "best_practice": true
  },
  "threshold": 0.3
}
