{
  "filename": "ma_trader",
  "probs": {
    "sast_risk": 0.5446804165840149,
    "ml_signal": 0.44447165727615356,
    "best_practice": 0.6095901727676392
  },
  "preds": {
    "sast_risk": true,
    "ml_signal": false,
    "best_practice": true
  },
  "threshold": 0.5
}