{
  "filename": "macro_test",
  "probs": {
    "sast_risk": 0.5514189004898071,
    "ml_signal": 0.45016971230506897,
    "best_practice": 0.6160981059074402
  },
  "preds": {
    "sast_risk": true,
    "ml_signal": false,
    "best_practice": true
  },
  "threshold": 0.5
}