{
  "filename": "mailmerge",
  "probs": {
    "sast_risk": 0.403306245803833,
    "ml_signal": 0.49830394983291626,
    "best_practice": 0.5943738222122192
  },
  "preds": {
    "sast_risk": true,
    "ml_signal": true,
    "best_practice": true
  },
  "threshold": 0.3
}
