{
  "filename": "main",
  "probs": {
    "sast_risk": 0.39024680852890015,
    "ml_signal": 0.4986199140548706,
    "best_practice": 0.5881559252738953
  },
  "preds": {
    "sast_risk": true,
    "ml_signal": true,
    "best_practice": true
  },
  "threshold": 0.3
}
