{
  "filename": "manager",
  "probs": {
    "sast_risk": 0.3970910906791687,
    "ml_signal": 0.4947819411754608,
    "best_practice": 0.5873100161552429
  },
  "preds": {
    "sast_risk": true,
    "ml_signal": true,
    "best_practice": true
  },
  "threshold": 0.3
}
