{
  "filename": "market",
  "probs": {
    "sast_risk": 0.550477921962738,
    "ml_signal": 0.44963160157203674,
    "best_practice": 0.6103314757347107
  },
  "preds": {
    "sast_risk": true,
    "ml_signal": false,
    "best_practice": true
  },
  "threshold": 0.5
}