{
  "filename": "market",
  "probs": {
    "sast_risk": 0.39743825793266296,
    "ml_signal": 0.4962609112262726,
    "best_practice": 0.5879754424095154
  },
  "preds": {
    "sast_risk": true,
    "ml_signal": true,
    "best_practice": true
  },
  "threshold": 0.3
}
