{
  "filename": "merge_orders",
  "probs": {
    "sast_risk": 0.39662644267082214,
    "ml_signal": 0.4969528615474701,
    "best_practice": 0.5952778458595276
  },
  "preds": {
    "sast_risk": true,
    "ml_signal": true,
    "best_practice": true
  },
  "threshold": 0.3
}
