{
  "filename": "migration",
  "probs": {
    "sast_risk": 0.5410963296890259,
    "ml_signal": 0.45260030031204224,
    "best_practice": 0.6095162034034729
  },
  "preds": {
    "sast_risk": true,
    "ml_signal": false,
    "best_practice": true
  },
  "threshold": 0.5
}