{
  "filename": "migration",
  "probs": {
    "sast_risk": 0.3998990058898926,
    "ml_signal": 0.5010201334953308,
    "best_practice": 0.5925164818763733
  },
  "preds": {
    "sast_risk": true,
    "ml_signal": true,
    "best_practice": true
  },
  "threshold": 0.3
}
