{
  "filename": "misc",
  "probs": {
    "sast_risk": 0.5451056957244873,
    "ml_signal": 0.4470786452293396,
    "best_practice": 0.6062721610069275
  },
  "preds": {
    "sast_risk": true,
    "ml_signal": false,
    "best_practice": true
  },
  "threshold": 0.5
}