{
  "filename": "mod",
  "probs": {
    "sast_risk": 0.5418274402618408,
    "ml_signal": 0.45020776987075806,
    "best_practice": 0.6044894456863403
  },
  "preds": {
    "sast_risk": true,
    "ml_signal": false,
    "best_practice": true
  },
  "threshold": 0.5
}