{
  "filename": "model",
  "probs": {
    "sast_risk": 0.5410269498825073,
    "ml_signal": 0.44949615001678467,
    "best_practice": 0.6128683686256409
  },
  "preds": {
    "sast_risk": true,
    "ml_signal": false,
    "best_practice": true
  },
  "threshold": 0.5
}