{
  "filename": "monetary",
  "probs": {
    "sast_risk": 0.5407372117042542,
    "ml_signal": 0.4513307809829712,
    "best_practice": 0.6077969074249268
  },
  "preds": {
    "sast_risk": true,
    "ml_signal": false,
    "best_practice": true
  },
  "threshold": 0.5
}