{
  "filename": "money_flow",
  "probs": {
    "sast_risk": 0.40391287207603455,
    "ml_signal": 0.49631258845329285,
    "best_practice": 0.5906135439872742
  },
  "preds": {
    "sast_risk": true,
    "ml_signal": true,
    "best_practice": true
  },
  "threshold": 0.3
}
