{
  "filename": "native",
  "probs": {
    "sast_risk": 0.5503966808319092,
    "ml_signal": 0.45127472281455994,
    "best_practice": 0.6087116003036499
  },
  "preds": {
    "sast_risk": true,
    "ml_signal": false,
    "best_practice": true
  },
  "threshold": 0.5
}