{
  "filename": "nav",
  "probs": {
    "sast_risk": 0.5477693676948547,
    "ml_signal": 0.4432171583175659,
    "best_practice": 0.6105940341949463
  },
  "preds": {
    "sast_risk": true,
    "ml_signal": false,
    "best_practice": true
  },
  "threshold": 0.5
}