{
  "filename": "nav_test",
  "probs": {
    "sast_risk": 0.39385518431663513,
    "ml_signal": 0.49987414479255676,
    "best_practice": 0.5894474387168884
  },
  "preds": {
    "sast_risk": true,
    "ml_signal": true,
    "best_practice": true
  },
  "threshold": 0.3
}
