{
  "filename": "netbase",
  "probs": {
    "sast_risk": 0.3949432373046875,
    "ml_signal": 0.49906298518180847,
    "best_practice": 0.5873575806617737
  },
  "preds": {
    "sast_risk": true,
    "ml_signal": true,
    "best_practice": true
  },
  "threshold": 0.3
}
