{
  "filename": "network",
  "probs": {
    "sast_risk": 0.5482330322265625,
    "ml_signal": 0.4516204595565796,
    "best_practice": 0.6078388690948486
  },
  "preds": {
    "sast_risk": true,
    "ml_signal": false,
    "best_practice": true
  },
  "threshold": 0.5
}