{
  "filename": "network",
  "probs": {
    "sast_risk": 0.40535885095596313,
    "ml_signal": 0.4993443191051483,
    "best_practice": 0.5938063263893127
  },
  "preds": {
    "sast_risk": true,
    "ml_signal": true,
    "best_practice": true
  },
  "threshold": 0.3
}
