{
  "filename": "news_test",
  "probs": {
    "sast_risk": 0.5485109090805054,
    "ml_signal": 0.44689375162124634,
    "best_practice": 0.6157345771789551
  },
  "preds": {
    "sast_risk": true,
    "ml_signal": false,
    "best_practice": true
  },
  "threshold": 0.5
}