{
  "filename": "newsevent",
  "probs": {
    "sast_risk": 0.4015198051929474,
    "ml_signal": 0.49442416429519653,
    "best_practice": 0.5872543454170227
  },
  "preds": {
    "sast_risk": true,
    "ml_signal": true,
    "best_practice": true
  },
  "threshold": 0.3
}
