{
  "filename": "normal_data",
  "probs": {
    "sast_risk": 0.39127978682518005,
    "ml_signal": 0.4999500513076782,
    "best_practice": 0.5822954177856445
  },
  "preds": {
    "sast_risk": true,
    "ml_signal": true,
    "best_practice": true
  },
  "threshold": 0.3
}
