{
  "filename": "object",
  "probs": {
    "sast_risk": 0.5447087287902832,
    "ml_signal": 0.45078375935554504,
    "best_practice": 0.6105355620384216
  },
  "preds": {
    "sast_risk": true,
    "ml_signal": false,
    "best_practice": true
  },
  "threshold": 0.5
}