{
  "filename": "optimizer",
  "probs": {
    "sast_risk": 0.5429524183273315,
    "ml_signal": 0.44887036085128784,
    "best_practice": 0.6055017709732056
  },
  "preds": {
    "sast_risk": true,
    "ml_signal": false,
    "best_practice": true
  },
  "threshold": 0.5
}