{
  "filename": "overall",
  "probs": {
    "sast_risk": 0.4035101532936096,
    "ml_signal": 0.49905964732170105,
    "best_practice": 0.591678261756897
  },
  "preds": {
    "sast_risk": true,
    "ml_signal": true,
    "best_practice": true
  },
  "threshold": 0.3
}
