{
  "filename": "pd_utils",
  "probs": {
    "sast_risk": 0.5499460101127625,
    "ml_signal": 0.45756664872169495,
    "best_practice": 0.6070446372032166
  },
  "preds": {
    "sast_risk": true,
    "ml_signal": false,
    "best_practice": true
  },
  "threshold": 0.5
}