{
  "filename": "pipeline",
  "probs": {
    "sast_risk": 0.4036063551902771,
    "ml_signal": 0.5062914490699768,
    "best_practice": 0.5857861042022705
  },
  "preds": {
    "sast_risk": true,
    "ml_signal": true,
    "best_practice": true
  },
  "threshold": 0.3
}
