{
  "filename": "pit",
  "probs": {
    "sast_risk": 0.4101122319698334,
    "ml_signal": 0.4966888725757599,
    "best_practice": 0.594013512134552
  },
  "preds": {
    "sast_risk": true,
    "ml_signal": true,
    "best_practice": true
  },
  "threshold": 0.3
}
