{
  "filename": "pit",
  "probs": {
    "sast_risk": 0.5457445979118347,
    "ml_signal": 0.4627189040184021,
    "best_practice": 0.6084002256393433
  },
  "preds": {
    "sast_risk": true,
    "ml_signal": false,
    "best_practice": true
  },
  "threshold": 0.5
}