{
  "filename": "plugin",
  "probs": {
    "sast_risk": 0.5387567281723022,
    "ml_signal": 0.4533582925796509,
    "best_practice": 0.6056156754493713
  },
  "preds": {
    "sast_risk": true,
    "ml_signal": false,
    "best_practice": true
  },
  "threshold": 0.5
}