{
  "filename": "plugin",
  "probs": {
    "sast_risk": 0.40474602580070496,
    "ml_signal": 0.5011237263679504,
    "best_practice": 0.5917779803276062
  },
  "preds": {
    "sast_risk": true,
    "ml_signal": true,
    "best_practice": true
  },
  "threshold": 0.3
}
