{
  "filename": "poet",
  "probs": {
    "sast_risk": 0.4027545750141144,
    "ml_signal": 0.49918878078460693,
    "best_practice": 0.5908516645431519
  },
  "preds": {
    "sast_risk": true,
    "ml_signal": true,
    "best_practice": true
  },
  "threshold": 0.3
}
