{
  "filename": "policy",
  "probs": {
    "sast_risk": 0.40374284982681274,
    "ml_signal": 0.49468156695365906,
    "best_practice": 0.5935990810394287
  },
  "preds": {
    "sast_risk": true,
    "ml_signal": true,
    "best_practice": true
  },
  "threshold": 0.3
}
