{
  "filename": "position",
  "probs": {
    "sast_risk": 0.39755475521087646,
    "ml_signal": 0.49646440148353577,
    "best_practice": 0.5875584483146667
  },
  "preds": {
    "sast_risk": true,
    "ml_signal": true,
    "best_practice": true
  },
  "threshold": 0.3
}
