{
  "filename": "position",
  "probs": {
    "sast_risk": 0.5477643609046936,
    "ml_signal": 0.4471786320209503,
    "best_practice": 0.6090882420539856
  },
  "preds": {
    "sast_risk": true,
    "ml_signal": false,
    "best_practice": true
  },
  "threshold": 0.5
}