{
  "filename": "processor",
  "probs": {
    "sast_risk": 0.3959105312824249,
    "ml_signal": 0.4974775016307831,
    "best_practice": 0.5896974802017212
  },
  "preds": {
    "sast_risk": true,
    "ml_signal": true,
    "best_practice": true
  },
  "threshold": 0.3
}
