{
  "filename": "pytorch_gru",
  "probs": {
    "sast_risk": 0.39843276143074036,
    "ml_signal": 0.4964331388473511,
    "best_practice": 0.5886535048484802
  },
  "preds": {
    "sast_risk": true,
    "ml_signal": true,
    "best_practice": true
  },
  "threshold": 0.3
}
