{
  "filename": "pytorch_tcn",
  "probs": {
    "sast_risk": 0.39864233136177063,
    "ml_signal": 0.4978238046169281,
    "best_practice": 0.5886898040771484
  },
  "preds": {
    "sast_risk": true,
    "ml_signal": true,
    "best_practice": true
  },
  "threshold": 0.3
}
