{
  "filename": "pytorch_tabnet",
  "probs": {
    "sast_risk": 0.39941009879112244,
    "ml_signal": 0.49793562293052673,
    "best_practice": 0.5889434814453125
  },
  "preds": {
    "sast_risk": true,
    "ml_signal": true,
    "best_practice": true
  },
  "threshold": 0.3
}
