{
  "filename": "pytorch_gats_ts",
  "probs": {
    "sast_risk": 0.39734479784965515,
    "ml_signal": 0.49910953640937805,
    "best_practice": 0.5918663740158081
  },
  "preds": {
    "sast_risk": true,
    "ml_signal": true,
    "best_practice": true
  },
  "threshold": 0.3
}
