{
  "filename": "pytorch_hist",
  "probs": {
    "sast_risk": 0.39957159757614136,
    "ml_signal": 0.49690505862236023,
    "best_practice": 0.5895005464553833
  },
  "preds": {
    "sast_risk": true,
    "ml_signal": true,
    "best_practice": true
  },
  "threshold": 0.3
}
