{
  "filename": "pytorch_tra",
  "probs": {
    "sast_risk": 0.5487587451934814,
    "ml_signal": 0.45134103298187256,
    "best_practice": 0.6090843677520752
  },
  "preds": {
    "sast_risk": true,
    "ml_signal": false,
    "best_practice": true
  },
  "threshold": 0.5
}