{
  "filename": "pytorch_tcts",
  "probs": {
    "sast_risk": 0.39759519696235657,
    "ml_signal": 0.4958008825778961,
    "best_practice": 0.5875852704048157
  },
  "preds": {
    "sast_risk": true,
    "ml_signal": true,
    "best_practice": true
  },
  "threshold": 0.3
}
