{
  "filename": "pytorch_gru",
  "probs": {
    "sast_risk": 0.5470656156539917,
    "ml_signal": 0.44752201437950134,
    "best_practice": 0.6098464727401733
  },
  "preds": {
    "sast_risk": true,
    "ml_signal": false,
    "best_practice": true
  },
  "threshold": 0.5
}