{
  "filename": "pytorch_adarnn",
  "probs": {
    "sast_risk": 0.39987343549728394,
    "ml_signal": 0.49841809272766113,
    "best_practice": 0.5909442901611328
  },
  "preds": {
    "sast_risk": true,
    "ml_signal": true,
    "best_practice": true
  },
  "threshold": 0.3
}
