{
  "filename": "pytorch_lstm",
  "probs": {
    "sast_risk": 0.39840054512023926,
    "ml_signal": 0.49580082297325134,
    "best_practice": 0.5883067846298218
  },
  "preds": {
    "sast_risk": true,
    "ml_signal": true,
    "best_practice": true
  },
  "threshold": 0.3
}
