{
  "filename": "pytorch_tcn",
  "probs": {
    "sast_risk": 0.5469592213630676,
    "ml_signal": 0.44756773114204407,
    "best_practice": 0.6084567308425903
  },
  "preds": {
    "sast_risk": true,
    "ml_signal": false,
    "best_practice": true
  },
  "threshold": 0.5
}