{
  "filename": "qlib_Alpha158",
  "probs": {
    "sast_risk": 0.547174334526062,
    "ml_signal": 0.4525025486946106,
    "best_practice": 0.6079280972480774
  },
  "preds": {
    "sast_risk": true,
    "ml_signal": false,
    "best_practice": true
  },
  "threshold": 0.5
}