{
  "filename": "qlib_Alpha158",
  "probs": {
    "sast_risk": 0.4046247601509094,
    "ml_signal": 0.49476709961891174,
    "best_practice": 0.59389728307724
  },
  "preds": {
    "sast_risk": true,
    "ml_signal": true,
    "best_practice": true
  },
  "threshold": 0.3
}
