{
  "filename": "qmt_tick_runner",
  "probs": {
    "sast_risk": 0.40343835949897766,
    "ml_signal": 0.49345502257347107,
    "best_practice": 0.5901964902877808
  },
  "preds": {
    "sast_risk": true,
    "ml_signal": true,
    "best_practice": true
  },
  "threshold": 0.3
}
