{
  "filename": "qmt_account",
  "probs": {
    "sast_risk": 0.5493504405021667,
    "ml_signal": 0.45383262634277344,
    "best_practice": 0.6067151427268982
  },
  "preds": {
    "sast_risk": true,
    "ml_signal": false,
    "best_practice": true
  },
  "threshold": 0.5
}