{
  "filename": "qmt_quote",
  "probs": {
    "sast_risk": 0.4059327244758606,
    "ml_signal": 0.5007352232933044,
    "best_practice": 0.5928232669830322
  },
  "preds": {
    "sast_risk": true,
    "ml_signal": true,
    "best_practice": true
  },
  "threshold": 0.3
}
