{
  "filename": "qt",
  "probs": {
    "sast_risk": 0.3977963328361511,
    "ml_signal": 0.4978165924549103,
    "best_practice": 0.5932154655456543
  },
  "preds": {
    "sast_risk": true,
    "ml_signal": true,
    "best_practice": true
  },
  "threshold": 0.3
}
