{
  "filename": "qt",
  "probs": {
    "sast_risk": 0.5436472296714783,
    "ml_signal": 0.4487697184085846,
    "best_practice": 0.6144346594810486
  },
  "preds": {
    "sast_risk": true,
    "ml_signal": false,
    "best_practice": true
  },
  "threshold": 0.5
}