{
  "filename": "reader",
  "probs": {
    "sast_risk": 0.5467475056648254,
    "ml_signal": 0.4537932574748993,
    "best_practice": 0.6140210628509521
  },
  "preds": {
    "sast_risk": true,
    "ml_signal": false,
    "best_practice": true
  },
  "threshold": 0.5
}