{
  "filename": "recorder",
  "probs": {
    "sast_risk": 0.40230754017829895,
    "ml_signal": 0.5004538893699646,
    "best_practice": 0.5920370817184448
  },
  "preds": {
    "sast_risk": true,
    "ml_signal": true,
    "best_practice": true
  },
  "threshold": 0.3
}
