{
  "filename": "record_temp",
  "probs": {
    "sast_risk": 0.4017830789089203,
    "ml_signal": 0.49517470598220825,
    "best_practice": 0.5940718650817871
  },
  "preds": {
    "sast_risk": true,
    "ml_signal": true,
    "best_practice": true
  },
  "threshold": 0.3
}
