{
  "filename": "ref_vars",
  "probs": {
    "sast_risk": 0.5564437508583069,
    "ml_signal": 0.4648771584033966,
    "best_practice": 0.5985515713691711
  },
  "preds": {
    "sast_risk": true,
    "ml_signal": false,
    "best_practice": true
  },
  "threshold": 0.5
}