{
  "filename": "reference",
  "probs": {
    "sast_risk": 0.5473142862319946,
    "ml_signal": 0.45323190093040466,
    "best_practice": 0.6114516854286194
  },
  "preds": {
    "sast_risk": true,
    "ml_signal": false,
    "best_practice": true
  },
  "threshold": 0.5
}