{
  "filename": "reference",
  "probs": {
    "sast_risk": 0.4026680290699005,
    "ml_signal": 0.49302271008491516,
    "best_practice": 0.5893744826316833
  },
  "preds": {
    "sast_risk": true,
    "ml_signal": true,
    "best_practice": true
  },
  "threshold": 0.3
}
