{
  "filename": "register",
  "probs": {
    "sast_risk": 0.39640921354293823,
    "ml_signal": 0.4994960129261017,
    "best_practice": 0.5907502174377441
  },
  "preds": {
    "sast_risk": true,
    "ml_signal": true,
    "best_practice": true
  },
  "threshold": 0.3
}
