{
  "filename": "report",
  "probs": {
    "sast_risk": 0.4020460546016693,
    "ml_signal": 0.4987369477748871,
    "best_practice": 0.595558226108551
  },
  "preds": {
    "sast_risk": true,
    "ml_signal": true,
    "best_practice": true
  },
  "threshold": 0.3
}
