{
  "filename": "report_vol_up",
  "probs": {
    "sast_risk": 0.40289366245269775,
    "ml_signal": 0.49864232540130615,
    "best_practice": 0.5926198959350586
  },
  "preds": {
    "sast_risk": true,
    "ml_signal": true,
    "best_practice": true
  },
  "threshold": 0.3
}
