{
  "filename": "report",
  "probs": {
    "sast_risk": 0.5511690378189087,
    "ml_signal": 0.45405489206314087,
    "best_practice": 0.6147756576538086
  },
  "preds": {
    "sast_risk": true,
    "ml_signal": false,
    "best_practice": true
  },
  "threshold": 0.5
}