{
  "filename": "resam",
  "probs": {
    "sast_risk": 0.4015234112739563,
    "ml_signal": 0.4939175546169281,
    "best_practice": 0.5929802656173706
  },
  "preds": {
    "sast_risk": true,
    "ml_signal": true,
    "best_practice": true
  },
  "threshold": 0.3
}
