{
  "filename": "reward",
  "probs": {
    "sast_risk": 0.40151357650756836,
    "ml_signal": 0.4974764585494995,
    "best_practice": 0.5907111167907715
  },
  "preds": {
    "sast_risk": true,
    "ml_signal": true,
    "best_practice": true
  },
  "threshold": 0.3
}
