{
  "filename": "risk_analysis",
  "probs": {
    "sast_risk": 0.40213465690612793,
    "ml_signal": 0.49803152680397034,
    "best_practice": 0.5920279622077942
  },
  "preds": {
    "sast_risk": true,
    "ml_signal": true,
    "best_practice": true
  },
  "threshold": 0.3
}
