{
  "filename": "rolling_handler",
  "probs": {
    "sast_risk": 0.39115849137306213,
    "ml_signal": 0.49867966771125793,
    "best_practice": 0.5860835313796997
  },
  "preds": {
    "sast_risk": true,
    "ml_signal": true,
    "best_practice": true
  },
  "threshold": 0.3
}
