{
  "filename": "run_client",
  "probs": {
    "sast_risk": 0.4019180238246918,
    "ml_signal": 0.49980220198631287,
    "best_practice": 0.5793342590332031
  },
  "preds": {
    "sast_risk": true,
    "ml_signal": true,
    "best_practice": true
  },
  "threshold": 0.3
}
