{
  "filename": "schema",
  "probs": {
    "sast_risk": 0.396826833486557,
    "ml_signal": 0.5019698143005371,
    "best_practice": 0.5907124876976013
  },
  "preds": {
    "sast_risk": true,
    "ml_signal": true,
    "best_practice": true
  },
  "threshold": 0.3
}
