{
  "filename": "sched",
  "probs": {
    "sast_risk": 0.40600016713142395,
    "ml_signal": 0.500106692314148,
    "best_practice": 0.5947076082229614
  },
  "preds": {
    "sast_risk": true,
    "ml_signal": true,
    "best_practice": true
  },
  "threshold": 0.3
}
