{
  "filename": "score_ic",
  "probs": {
    "sast_risk": 0.5404417514801025,
    "ml_signal": 0.4521830976009369,
    "best_practice": 0.6133546233177185
  },
  "preds": {
    "sast_risk": true,
    "ml_signal": false,
    "best_practice": true
  },
  "threshold": 0.5
}