{
  "filename": "seed",
  "probs": {
    "sast_risk": 0.40772438049316406,
    "ml_signal": 0.4852818250656128,
    "best_practice": 0.5929080843925476
  },
  "preds": {
    "sast_risk": true,
    "ml_signal": true,
    "best_practice": true
  },
  "threshold": 0.3
}
