{
  "filename": "selector",
  "probs": {
    "sast_risk": 0.5399540066719055,
    "ml_signal": 0.45534974336624146,
    "best_practice": 0.6048740148544312
  },
  "preds": {
    "sast_risk": true,
    "ml_signal": false,
    "best_practice": true
  },
  "threshold": 0.5
}