{
  "filename": "selector",
  "probs": {
    "sast_risk": 0.40925803780555725,
    "ml_signal": 0.5002603530883789,
    "best_practice": 0.5904083847999573
  },
  "preds": {
    "sast_risk": true,
    "ml_signal": true,
    "best_practice": true
  },
  "threshold": 0.3
}
