{
  "filename": "sepdf",
  "probs": {
    "sast_risk": 0.5455111861228943,
    "ml_signal": 0.45039379596710205,
    "best_practice": 0.611699640750885
  },
  "preds": {
    "sast_risk": true,
    "ml_signal": false,
    "best_practice": true
  },
  "threshold": 0.5
}