{
  "filename": "serial",
  "probs": {
    "sast_risk": 0.5434303283691406,
    "ml_signal": 0.44893571734428406,
    "best_practice": 0.6083763837814331
  },
  "preds": {
    "sast_risk": true,
    "ml_signal": false,
    "best_practice": true
  },
  "threshold": 0.5
}