{
  "filename": "serial",
  "probs": {
    "sast_risk": 0.39999282360076904,
    "ml_signal": 0.5010817050933838,
    "best_practice": 0.5911550521850586
  },
  "preds": {
    "sast_risk": true,
    "ml_signal": true,
    "best_practice": true
  },
  "threshold": 0.3
}
