{
  "filename": "setting",
  "probs": {
    "sast_risk": 0.5378822088241577,
    "ml_signal": 0.4450063407421112,
    "best_practice": 0.6084461808204651
  },
  "preds": {
    "sast_risk": true,
    "ml_signal": false,
    "best_practice": true
  },
  "threshold": 0.5
}