{
  "filename": "setting",
  "probs": {
    "sast_risk": 0.39601975679397583,
    "ml_signal": 0.4996594190597534,
    "best_practice": 0.592711865901947
  },
  "preds": {
    "sast_risk": true,
    "ml_signal": true,
    "best_practice": true
  },
  "threshold": 0.3
}
