{
  "filename": "setup",
  "probs": {
    "sast_risk": 0.5420277714729309,
    "ml_signal": 0.4466344714164734,
    "best_practice": 0.6110718846321106
  },
  "preds": {
    "sast_risk": true,
    "ml_signal": false,
    "best_practice": true
  },
  "threshold": 0.5
}