{
  "filename": "setup",
  "probs": {
    "sast_risk": 0.3941781520843506,
    "ml_signal": 0.4943706691265106,
    "best_practice": 0.5929431319236755
  },
  "preds": {
    "sast_risk": true,
    "ml_signal": true,
    "best_practice": true
  },
  "threshold": 0.3
}
