{
  "filename": "sgd",
  "probs": {
    "sast_risk": 0.5443572998046875,
    "ml_signal": 0.4549347758293152,
    "best_practice": 0.609765887260437
  },
  "preds": {
    "sast_risk": true,
    "ml_signal": false,
    "best_practice": true
  },
  "threshold": 0.5
}