{
  "filename": "shape",
  "probs": {
    "sast_risk": 0.5423628687858582,
    "ml_signal": 0.45166918635368347,
    "best_practice": 0.6139678955078125
  },
  "preds": {
    "sast_risk": true,
    "ml_signal": false,
    "best_practice": true
  },
  "threshold": 0.5
}