{
  "filename": "shape",
  "probs": {
    "sast_risk": 0.39477407932281494,
    "ml_signal": 0.49989959597587585,
    "best_practice": 0.5931880474090576
  },
  "preds": {
    "sast_risk": true,
    "ml_signal": true,
    "best_practice": true
  },
  "threshold": 0.3
}
