{
  "filename": "shibor",
  "probs": {
    "sast_risk": 0.4048422873020172,
    "ml_signal": 0.4987155497074127,
    "best_practice": 0.5852604508399963
  },
  "preds": {
    "sast_risk": true,
    "ml_signal": true,
    "best_practice": true
  },
  "threshold": 0.3
}
