{
  "filename": "signal",
  "probs": {
    "sast_risk": 0.5461482405662537,
    "ml_signal": 0.45047733187675476,
    "best_practice": 0.609905481338501
  },
  "preds": {
    "sast_risk": true,
    "ml_signal": false,
    "best_practice": true
  },
  "threshold": 0.5
}