{
  "filename": "sim_account",
  "probs": {
    "sast_risk": 0.40487149357795715,
    "ml_signal": 0.49950695037841797,
    "best_practice": 0.5923138856887817
  },
  "preds": {
    "sast_risk": true,
    "ml_signal": true,
    "best_practice": true
  },
  "threshold": 0.3
}
