{
  "filename": "simulator",
  "probs": {
    "sast_risk": 0.41078582406044006,
    "ml_signal": 0.49908971786499023,
    "best_practice": 0.5895092487335205
  },
  "preds": {
    "sast_risk": true,
    "ml_signal": true,
    "best_practice": true
  },
  "threshold": 0.3
}
