{
  "filename": "space",
  "probs": {
    "sast_risk": 0.3998205363750458,
    "ml_signal": 0.49624693393707275,
    "best_practice": 0.5881662964820862
  },
  "preds": {
    "sast_risk": true,
    "ml_signal": true,
    "best_practice": true
  },
  "threshold": 0.3
}
