{
  "filename": "stats",
  "probs": {
    "sast_risk": 0.5455188155174255,
    "ml_signal": 0.4565594494342804,
    "best_practice": 0.6060672998428345
  },
  "preds": {
    "sast_risk": true,
    "ml_signal": false,
    "best_practice": true
  },
  "threshold": 0.5
}