{
  "filename": "stats",
  "probs": {
    "sast_risk": 0.4046410024166107,
    "ml_signal": 0.4998462200164795,
    "best_practice": 0.5927040576934814
  },
  "preds": {
    "sast_risk": true,
    "ml_signal": true,
    "best_practice": true
  },
  "threshold": 0.3
}
