{
  "filename": "state",
  "probs": {
    "sast_risk": 0.40229126811027527,
    "ml_signal": 0.49882271885871887,
    "best_practice": 0.5935524702072144
  },
  "preds": {
    "sast_risk": true,
    "ml_signal": true,
    "best_practice": true
  },
  "threshold": 0.3
}
