{
  "filename": "stock_meta",
  "probs": {
    "sast_risk": 0.40386661887168884,
    "ml_signal": 0.49846121668815613,
    "best_practice": 0.592227578163147
  },
  "preds": {
    "sast_risk": true,
    "ml_signal": true,
    "best_practice": true
  },
  "threshold": 0.3
}
