{
  "filename": "stock_30m_kdata",
  "probs": {
    "sast_risk": 0.4060443043708801,
    "ml_signal": 0.4944186806678772,
    "best_practice": 0.5949472784996033
  },
  "preds": {
    "sast_risk": true,
    "ml_signal": true,
    "best_practice": true
  },
  "threshold": 0.3
}
