{
  "filename": "stock_15m_kdata",
  "probs": {
    "sast_risk": 0.5473814010620117,
    "ml_signal": 0.4562261402606964,
    "best_practice": 0.6067176461219788
  },
  "preds": {
    "sast_risk": true,
    "ml_signal": false,
    "best_practice": true
  },
  "threshold": 0.5
}