{
  "filename": "stock_30m_hfq_kdata",
  "probs": {
    "sast_risk": 0.4094383716583252,
    "ml_signal": 0.49259284138679504,
    "best_practice": 0.5953021049499512
  },
  "preds": {
    "sast_risk": true,
    "ml_signal": true,
    "best_practice": true
  },
  "threshold": 0.3
}
