{
  "filename": "stock_1d_kdata",
  "probs": {
    "sast_risk": 0.40462952852249146,
    "ml_signal": 0.49416929483413696,
    "best_practice": 0.5927336812019348
  },
  "preds": {
    "sast_risk": true,
    "ml_signal": true,
    "best_practice": true
  },
  "threshold": 0.3
}
