{
  "filename": "stock_1h_kdata",
  "probs": {
    "sast_risk": 0.40641191601753235,
    "ml_signal": 0.4949180781841278,
    "best_practice": 0.5913774967193604
  },
  "preds": {
    "sast_risk": true,
    "ml_signal": true,
    "best_practice": true
  },
  "threshold": 0.3
}
