{
  "filename": "stock_4h_kdata",
  "probs": {
    "sast_risk": 0.4069444537162781,
    "ml_signal": 0.49443569779396057,
    "best_practice": 0.5931965708732605
  },
  "preds": {
    "sast_risk": true,
    "ml_signal": true,
    "best_practice": true
  },
  "threshold": 0.3
}
