{
  "filename": "stock_30m_hfq_kdata",
  "probs": {
    "sast_risk": 0.5462609529495239,
    "ml_signal": 0.45957279205322266,
    "best_practice": 0.6081868410110474
  },
  "preds": {
    "sast_risk": true,
    "ml_signal": false,
    "best_practice": true
  },
  "threshold": 0.5
}