{
  "filename": "stockus_1d_kdata",
  "probs": {
    "sast_risk": 0.4056883454322815,
    "ml_signal": 0.49000778794288635,
    "best_practice": 0.5896942615509033
  },
  "preds": {
    "sast_risk": true,
    "ml_signal": true,
    "best_practice": true
  },
  "threshold": 0.3
}
