{
  "filename": "stock_1mon_kdata",
  "probs": {
    "sast_risk": 0.40697500109672546,
    "ml_signal": 0.4936665892601013,
    "best_practice": 0.5914398431777954
  },
  "preds": {
    "sast_risk": true,
    "ml_signal": true,
    "best_practice": true
  },
  "threshold": 0.3
}
