{
  "filename": "stock_15m_hfq_kdata",
  "probs": {
    "sast_risk": 0.5465958714485168,
    "ml_signal": 0.46078959107398987,
    "best_practice": 0.6066362857818604
  },
  "preds": {
    "sast_risk": true,
    "ml_signal": false,
    "best_practice": true
  },
  "threshold": 0.5
}