{
  "filename": "stock_news",
  "probs": {
    "sast_risk": 0.40389132499694824,
    "ml_signal": 0.4976252317428589,
    "best_practice": 0.5896010398864746
  },
  "preds": {
    "sast_risk": true,
    "ml_signal": true,
    "best_practice": true
  },
  "threshold": 0.3
}
