{
  "filename": "stock_1m_kdata",
  "probs": {
    "sast_risk": 0.5483455061912537,
    "ml_signal": 0.45503753423690796,
    "best_practice": 0.6069626808166504
  },
  "preds": {
    "sast_risk": true,
    "ml_signal": false,
    "best_practice": true
  },
  "threshold": 0.5
}