{
  "filename": "stock_15m_hfq_kdata",
  "probs": {
    "sast_risk": 0.4080784320831299,
    "ml_signal": 0.49189430475234985,
    "best_practice": 0.5936479568481445
  },
  "preds": {
    "sast_risk": true,
    "ml_signal": true,
    "best_practice": true
  },
  "threshold": 0.3
}
