{
  "filename": "stock_1m_kdata",
  "probs": {
    "sast_risk": 0.4050656259059906,
    "ml_signal": 0.49478963017463684,
    "best_practice": 0.5926123857498169
  },
  "preds": {
    "sast_risk": true,
    "ml_signal": true,
    "best_practice": true
  },
  "threshold": 0.3
}
