{
  "filename": "stock_actor",
  "probs": {
    "sast_risk": 0.4014566242694855,
    "ml_signal": 0.49720051884651184,
    "best_practice": 0.5927833914756775
  },
  "preds": {
    "sast_risk": true,
    "ml_signal": true,
    "best_practice": true
  },
  "threshold": 0.3
}
