{
  "filename": "store",
  "probs": {
    "sast_risk": 0.550102949142456,
    "ml_signal": 0.44725969433784485,
    "best_practice": 0.610625684261322
  },
  "preds": {
    "sast_risk": true,
    "ml_signal": false,
    "best_practice": true
  },
  "threshold": 0.5
}