{
  "filename": "store",
  "probs": {
    "sast_risk": 0.3948984146118164,
    "ml_signal": 0.49740859866142273,
    "best_practice": 0.5895428657531738
  },
  "preds": {
    "sast_risk": true,
    "ml_signal": true,
    "best_practice": true
  },
  "threshold": 0.3
}
