{
  "filename": "str_utils",
  "probs": {
    "sast_risk": 0.3907372057437897,
    "ml_signal": 0.4975428283214569,
    "best_practice": 0.5852660536766052
  },
  "preds": {
    "sast_risk": true,
    "ml_signal": true,
    "best_practice": true
  },
  "threshold": 0.3
}
