{
  "filename": "strategy",
  "probs": {
    "sast_risk": 0.4037211239337921,
    "ml_signal": 0.5006047487258911,
    "best_practice": 0.5925982594490051
  },
  "preds": {
    "sast_risk": true,
    "ml_signal": true,
    "best_practice": true
  },
  "threshold": 0.3
}
