{
  "filename": "structured",
  "probs": {
    "sast_risk": 0.40115076303482056,
    "ml_signal": 0.5036695599555969,
    "best_practice": 0.5879802107810974
  },
  "preds": {
    "sast_risk": true,
    "ml_signal": true,
    "best_practice": true
  },
  "threshold": 0.3
}
