{
  "filename": "tag_stats",
  "probs": {
    "sast_risk": 0.40300026535987854,
    "ml_signal": 0.5007097721099854,
    "best_practice": 0.5929850935935974
  },
  "preds": {
    "sast_risk": true,
    "ml_signal": true,
    "best_practice": true
  },
  "threshold": 0.3
}
