{
  "filename": "tag_utils",
  "probs": {
    "sast_risk": 0.40790027379989624,
    "ml_signal": 0.49926087260246277,
    "best_practice": 0.5932247638702393
  },
  "preds": {
    "sast_risk": true,
    "ml_signal": true,
    "best_practice": true
  },
  "threshold": 0.3
}
