{
  "filename": "tag_service",
  "probs": {
    "sast_risk": 0.4025566279888153,
    "ml_signal": 0.49673208594322205,
    "best_practice": 0.5978288054466248
  },
  "preds": {
    "sast_risk": true,
    "ml_signal": true,
    "best_practice": true
  },
  "threshold": 0.3
}
