{
  "filename": "tag_models",
  "probs": {
    "sast_risk": 0.40479958057403564,
    "ml_signal": 0.49578148126602173,
    "best_practice": 0.5923548936843872
  },
  "preds": {
    "sast_risk": true,
    "ml_signal": true,
    "best_practice": true
  },
  "threshold": 0.3
}
