{
  "filename": "tagger",
  "probs": {
    "sast_risk": 0.39855071902275085,
    "ml_signal": 0.5013969540596008,
    "best_practice": 0.589031994342804
  },
  "preds": {
    "sast_risk": true,
    "ml_signal": true,
    "best_practice": true
  },
  "threshold": 0.3
}
