{
  "filename": "tagger",
  "probs": {
    "sast_risk": 0.5457426309585571,
    "ml_signal": 0.4496389329433441,
    "best_practice": 0.6092827320098877
  },
  "preds": {
    "sast_risk": true,
    "ml_signal": false,
    "best_practice": true
  },
  "threshold": 0.5
}