{
  "filename": "task",
  "probs": {
    "sast_risk": 0.5473891496658325,
    "ml_signal": 0.4503383934497833,
    "best_practice": 0.6130274534225464
  },
  "preds": {
    "sast_risk": true,
    "ml_signal": false,
    "best_practice": true
  },
  "threshold": 0.5
}