{
  "filename": "tcn",
  "probs": {
    "sast_risk": 0.5473801493644714,
    "ml_signal": 0.44582876563072205,
    "best_practice": 0.613320529460907
  },
  "preds": {
    "sast_risk": true,
    "ml_signal": false,
    "best_practice": true
  },
  "threshold": 0.5
}