{
  "filename": "tech_factor",
  "probs": {
    "sast_risk": 0.5472228527069092,
    "ml_signal": 0.45183783769607544,
    "best_practice": 0.6047893166542053
  },
  "preds": {
    "sast_risk": true,
    "ml_signal": false,
    "best_practice": true
  },
  "threshold": 0.5
}