{
  "filename": "template",
  "probs": {
    "sast_risk": 0.5439390540122986,
    "ml_signal": 0.44670960307121277,
    "best_practice": 0.6154168248176575
  },
  "preds": {
    "sast_risk": true,
    "ml_signal": false,
    "best_practice": true
  },
  "threshold": 0.5
}