{
  "filename": "template",
  "probs": {
    "sast_risk": 0.39977148175239563,
    "ml_signal": 0.4978937804698944,
    "best_practice": 0.5907321572303772
  },
  "preds": {
    "sast_risk": true,
    "ml_signal": true,
    "best_practice": true
  },
  "threshold": 0.3
}
