{
  "filename": "tft",
  "probs": {
    "sast_risk": 0.39431193470954895,
    "ml_signal": 0.4962998628616333,
    "best_practice": 0.5880498886108398
  },
  "preds": {
    "sast_risk": true,
    "ml_signal": true,
    "best_practice": true
  },
  "threshold": 0.3
}
