{
  "filename": "time_utils",
  "probs": {
    "sast_risk": 0.40413641929626465,
    "ml_signal": 0.4956272542476654,
    "best_practice": 0.5950639247894287
  },
  "preds": {
    "sast_risk": true,
    "ml_signal": true,
    "best_practice": true
  },
  "threshold": 0.3
}
