{
  "filename": "time",
  "probs": {
    "sast_risk": 0.5410169959068298,
    "ml_signal": 0.45613256096839905,
    "best_practice": 0.6059716939926147
  },
  "preds": {
    "sast_risk": true,
    "ml_signal": false,
    "best_practice": true
  },
  "threshold": 0.5
}