{
  "filename": "time",
  "probs": {
    "sast_risk": 0.40402865409851074,
    "ml_signal": 0.5005099773406982,
    "best_practice": 0.5952765345573425
  },
  "preds": {
    "sast_risk": true,
    "ml_signal": true,
    "best_practice": true
  },
  "threshold": 0.3
}
