{
  "filename": "torch",
  "probs": {
    "sast_risk": 0.3982059359550476,
    "ml_signal": 0.5037673115730286,
    "best_practice": 0.5925696492195129
  },
  "preds": {
    "sast_risk": true,
    "ml_signal": true,
    "best_practice": true
  },
  "threshold": 0.3
}
