{
  "filename": "trading",
  "probs": {
    "sast_risk": 0.40168920159339905,
    "ml_signal": 0.49634185433387756,
    "best_practice": 0.5898213982582092
  },
  "preds": {
    "sast_risk": true,
    "ml_signal": true,
    "best_practice": true
  },
  "threshold": 0.3
}
