{
  "filename": "trainer",
  "probs": {
    "sast_risk": 0.40907028317451477,
    "ml_signal": 0.49577322602272034,
    "best_practice": 0.5918554663658142
  },
  "preds": {
    "sast_risk": true,
    "ml_signal": true,
    "best_practice": true
  },
  "threshold": 0.3
}
