{
  "filename": "transformers",
  "probs": {
    "sast_risk": 0.40235015749931335,
    "ml_signal": 0.5010015368461609,
    "best_practice": 0.5900181531906128
  },
  "preds": {
    "sast_risk": true,
    "ml_signal": true,
    "best_practice": true
  },
  "threshold": 0.3
}
