{
  "filename": "ts_function",
  "probs": {
    "sast_risk": 0.39709725975990295,
    "ml_signal": 0.4947871267795563,
    "best_practice": 0.5895893573760986
  },
  "preds": {
    "sast_risk": true,
    "ml_signal": true,
    "best_practice": true
  },
  "threshold": 0.3
}
