{
  "filename": "upass",
  "probs": {
    "sast_risk": 0.547767698764801,
    "ml_signal": 0.45104044675827026,
    "best_practice": 0.6070701479911804
  },
  "preds": {
    "sast_risk": true,
    "ml_signal": false,
    "best_practice": true
  },
  "threshold": 0.5
}