{
  "filename": "update",
  "probs": {
    "sast_risk": 0.5451229810714722,
    "ml_signal": 0.4476768970489502,
    "best_practice": 0.6140108704566956
  },
  "preds": {
    "sast_risk": true,
    "ml_signal": false,
    "best_practice": true
  },
  "threshold": 0.5
}