{
  "filename": "user",
  "probs": {
    "sast_risk": 0.5438481569290161,
    "ml_signal": 0.4416801333427429,
    "best_practice": 0.6113916635513306
  },
  "preds": {
    "sast_risk": true,
    "ml_signal": false,
    "best_practice": true
  },
  "threshold": 0.5
}