{
  "filename": "utils",
  "probs": {
    "sast_risk": 0.40306925773620605,
    "ml_signal": 0.5000094771385193,
    "best_practice": 0.5869486331939697
  },
  "preds": {
    "sast_risk": true,
    "ml_signal": true,
    "best_practice": true
  },
  "threshold": 0.3
}
