{
  "filename": "utility",
  "probs": {
    "sast_risk": 0.5449151396751404,
    "ml_signal": 0.45485013723373413,
    "best_practice": 0.6028483510017395
  },
  "preds": {
    "sast_risk": true,
    "ml_signal": false,
    "best_practice": true
  },
  "threshold": 0.5
}