{
  "filename": "vars",
  "probs": {
    "sast_risk": 0.5551915764808655,
    "ml_signal": 0.458949476480484,
    "best_practice": 0.6015519499778748
  },
  "preds": {
    "sast_risk": true,
    "ml_signal": false,
    "best_practice": true
  },
  "threshold": 0.5
}