{
  "filename": "vars",
  "probs": {
    "sast_risk": 0.411132276058197,
    "ml_signal": 0.5035708546638489,
    "best_practice": 0.5863465070724487
  },
  "preds": {
    "sast_risk": true,
    "ml_signal": true,
    "best_practice": true
  },
  "threshold": 0.3
}
