{
  "filename": "vessel",
  "probs": {
    "sast_risk": 0.40834975242614746,
    "ml_signal": 0.4954829812049866,
    "best_practice": 0.5934199690818787
  },
  "preds": {
    "sast_risk": true,
    "ml_signal": true,
    "best_practice": true
  },
  "threshold": 0.3
}
