{
  "filename": "vessel",
  "probs": {
    "sast_risk": 0.5395058989524841,
    "ml_signal": 0.4520002603530884,
    "best_practice": 0.6032587289810181
  },
  "preds": {
    "sast_risk": true,
    "ml_signal": false,
    "best_practice": true
  },
  "threshold": 0.5
}