{
  "filename": "vis_data",
  "probs": {
    "sast_risk": 0.5414863228797913,
    "ml_signal": 0.4543723165988922,
    "best_practice": 0.6118330359458923
  },
  "preds": {
    "sast_risk": true,
    "ml_signal": false,
    "best_practice": true
  },
  "threshold": 0.5
}