{
  "filename": "wb_api",
  "probs": {
    "sast_risk": 0.3991992473602295,
    "ml_signal": 0.4980212450027466,
    "best_practice": 0.5949366092681885
  },
  "preds": {
    "sast_risk": true,
    "ml_signal": true,
    "best_practice": true
  },
  "threshold": 0.3
}
