{
  "filename": "widget",
  "probs": {
    "sast_risk": 0.5435729026794434,
    "ml_signal": 0.45402058959007263,
    "best_practice": 0.6025773882865906
  },
  "preds": {
    "sast_risk": true,
    "ml_signal": false,
    "best_practice": true
  },
  "threshold": 0.5
}