{
  "filename": "work",
  "probs": {
    "sast_risk": 0.39787182211875916,
    "ml_signal": 0.4935011863708496,
    "best_practice": 0.5969864130020142
  },
  "preds": {
    "sast_risk": true,
    "ml_signal": true,
    "best_practice": true
  },
  "threshold": 0.3
}
