{
  "filename": "work",
  "probs": {
    "sast_risk": 0.5425052642822266,
    "ml_signal": 0.4546443819999695,
    "best_practice": 0.6028581857681274
  },
  "preds": {
    "sast_risk": true,
    "ml_signal": false,
    "best_practice": true
  },
  "threshold": 0.5
}