{
  "filename": "xgboost",
  "probs": {
    "sast_risk": 0.3927801251411438,
    "ml_signal": 0.49500125646591187,
    "best_practice": 0.5894832611083984
  },
  "preds": {
    "sast_risk": true,
    "ml_signal": true,
    "best_practice": true
  },
  "threshold": 0.3
}
