{
  "filename": "zhdate",
  "probs": {
    "sast_risk": 0.4010922908782959,
    "ml_signal": 0.4978034794330597,
    "best_practice": 0.5880975127220154
  },
  "preds": {
    "sast_risk": true,
    "ml_signal": true,
    "best_practice": true
  },
  "threshold": 0.3
}
