{
  "filename": "zhdate",
  "probs": {
    "sast_risk": 0.5490413308143616,
    "ml_signal": 0.45047545433044434,
    "best_practice": 0.6118162274360657
  },
  "preds": {
    "sast_risk": true,
    "ml_signal": false,
    "best_practice": true
  },
  "threshold": 0.5
}