{
  "filename": "zvt_server",
  "probs": {
    "sast_risk": 0.40283364057540894,
    "ml_signal": 0.4978528320789337,
    "best_practice": 0.5900812745094299
  },
  "preds": {
    "sast_risk": true,
    "ml_signal": true,
    "best_practice": true
  },
  "threshold": 0.3
}
